company_name,property_count,average_price,average_rate_per_sqft
camelliaass,3,443333333.33,44724.33
cameliaas,1,360000000.0,40000.0
tulip,107,80288205.61,28571.12
prom,30,17706633.33,27358.6
magnoliaass,1,160000000.0,26666.0
magnoliaaa,1,160000000.0,25000.0
m3m,1847,60104711.97,24303.49
tribeca,25,117900000.0,24119.32
b,58,153731034.48,24019.17
mah,47,56412765.96,23346.81
dlf,747,98909196.79,23201.51
abw,10,96180000.0,22537.3
south,32,56184375.0,21960.03
birla,257,38161089.49,21081.9
luv,4,33500000.0,21004.0
reputed,60,27876000.0,20899.67
pioneer,147,88497959.18,20155.67
max,5,55200000.0,20000.0
sobha,356,44578651.69,19801.59
avarna,3,34666666.67,19259.0
krisumi,386,46862953.37,18477.01
parsvnath,37,71762162.16,18374.16
rishali,3,24166666.67,18073.33
i,1,57000000.0,17592.0
whiteland,320,80745312.5,17433.51
godrej,790,27565731.65,17210.74
verandaaa,1,110000000.0,16923.0
central,159,40624352.2,16733.89
belvedere,1,45000000.0,16666.0
salcon,1,74900000.0,16644.0
ambience,101,90744554.46,16360.17
conscient,135,36476659.26,16336.86
ireo,380,48987894.74,16174.63
silverglades,51,38115686.27,16153.16
palam,4,37125000.0,16119.5
sweta,7,39485714.29,15942.86
viridian,2,7652500.0,15874.0
smart,243,33179522.63,15796.49
elan,185,41360000.0,15786.7
park,1,42500000.0,15740.0
dhoot,9,28888888.89,15590.67
3d,4,70000000.0,15555.0
vipul,49,70622448.98,15537.35
puri,229,35423580.79,15484.09
tata,218,44489908.26,15320.13
kothi,1,140000000.0,15220.0
plots,3,81633333.33,15202.0
mangalam,3,23100000.0,15118.33
palm,10,53470000.0,15012.9
anant,79,44674873.42,15012.25
floors,1,7500000.0,15000.0
skyvilla,1,90000000.0,15000.0
ab,1,24000000.0,14981.0
emaar,304,41572039.47,14920.61
ganga,56,48004285.71,14898.29
m2k,5,17660000.0,14782.2
arayaaa,3,98433333.33,14654.33
belairess,4,56325000.0,14606.5
hooda,1,34100000.0,14444.0
huda,15,29746666.67,14138.27
baani,1,17200000.0,14068.0
antriksh,6,32600000.0,13983.0
aviana,32,30056250.0,13810.5
adani,194,32611082.47,13750.79
eros,18,36738888.89,13740.22
investors,11,32672727.27,13653.27
belaireea,1,57500000.0,13641.0
experion,182,45599692.31,13383.89
m,1,43200000.0,13333.0
meffier,14,12496857.14,13278.07
bptp,344,30119680.23,12898.83
today,33,39051515.15,12893.24
estates,1,20700000.0,12849.0
suncity,81,37817086.42,12841.86
la,1,40500000.0,12816.0
devraj,2,21750000.0,12793.5
trehan,48,23222916.67,12731.5
crs,7,44071428.57,12702.14
gated,2,101200000.0,12526.5
apport,1,39000000.0,12524.0
unitown,33,26221212.12,12487.36
dhara,8,30437500.0,12424.25
ameya,4,13100000.0,12382.25
unitech,86,35047674.42,12275.02
skywhales,2,16100000.0,12222.0
arayaas,1,110000000.0,12222.0
laburnum,8,23662500.0,12132.5
arayaa,1,45900000.0,12078.0
kashish,8,26137500.0,11700.0
outside,1277,22767949.88,11559.07
ss,234,30274786.32,11479.35
orchid,25,23849720.0,11401.76
project,2,31900000.0,11390.5
orris,30,16930000.0,11369.9
allure,1,36000000.0,11250.0
p,1,44700000.0,11236.0
3b,4,13216250.0,11164.25
kibithu,7,27985714.29,11140.14
kishanpath,1,17000000.0,11111.0
omaxe,8,30400000.0,11079.75
navraj,94,25842553.19,10978.17
ashley,58,25318965.52,10803.78
cs,5,20780000.0,10748.0
real,1,24500000.0,10652.0
microtek,22,24704545.45,10623.27
gc,20,30675000.0,10606.7
plotsss,2,47750000.0,10568.0
ahuja,10,31980000.0,10500.0
hero,61,14867049.18,10460.23
kuhad,5,37700000.0,10436.6
vatika,215,21377744.19,10425.17
uniworld,3,24500000.0,10412.33
plott,1,46900000.0,10402.0
caitrionaaa,1,81000000.0,10384.0
cbs,10,19860000.0,10237.0
tatvam,1,86900000.0,10142.0
polo,3,43966666.67,10126.67
w,29,12329620.69,10077.93
tdi,3,66466666.67,9969.0
shapoorji,167,15045467.07,9941.57
luxurious,22,44590909.09,9941.5
ats,112,22440625.0,9939.72
4s,34,22914705.88,9844.71
awho,1,17600000.0,9820.0
cghs,8,15950000.0,9758.0
barga,55,27245454.55,9750.35
paramount,10,24230000.0,9721.3
avighna,2,17000000.0,9712.0
saan,20,28175000.0,9671.8
aadhar,5,23600000.0,9661.2
st,5,20520000.0,9644.8
ansal,114,24863149.12,9595.42
bright,8,18815000.0,9591.5
tgs,3,24466666.67,9572.0
ashiana,156,12960769.23,9513.51
villasss,1,90000000.0,9473.0
goel,38,12876315.79,9444.0
ch,12,20308333.33,9432.08
right,1,22900000.0,9423.0
krrish,9,66000000.0,9419.56
signature,633,13482529.23,9331.47
kohli,2,16000000.0,9259.0
surendra,11,15327272.73,9252.64
luxury,73,40410958.9,9210.55
bestech,175,25617142.86,9198.33
ns,5,12120000.0,9091.0
aipl,53,19276943.4,9007.64
sdr,1,13500000.0,9000.0
mrg,47,11700936.17,8979.06
swastik,1,12400000.0,8928.0
faith,19,12194736.84,8889.0
indiabulls,29,20413793.1,8819.21
jms,96,11070760.42,8710.25
paras,120,27234483.33,8674.27
solutrean,24,18455291.67,8572.04
v,19,10720789.47,8499.21
sushant,34,35797058.82,8451.29
umang,5,12954000.0,8441.6
plotssss,1,77500000.0,8425.0
satya,31,17035483.87,8418.71
alameda,1,52500000.0,8333.0
penthouse,2,58950000.0,8281.5
pyramid,156,14196262.82,8279.75
versalia,2,20250000.0,8166.5
assotech,23,16365217.39,8128.52
pareena,83,14685638.55,8108.73
raheja,73,18750780.82,8097.45
mapsko,50,16173980.0,7981.42
shree,54,9122425.93,7948.43
pal,4,9959500.0,7931.5
vibhor,3,9280666.67,7859.0
rof,52,9014134.62,7823.85
supertech,39,8800871.79,7776.26
rail,2,8750000.0,7707.5
dharma,5,20200000.0,7707.4
uppal,40,24887500.0,7662.85
irwo,1,5500000.0,7649.0
eldeco,110,12469581.82,7501.25
the,21,23205571.43,7485.86
corona,22,13754545.45,7476.82
spaze,13,21192307.69,7427.38
ouraniaaa,1,59000000.0,7375.0
new,2,22250000.0,7360.5
villa,1,72900000.0,7290.0
nb,9,10571666.67,7222.0
signatureglobal,3,13000000.0,7185.67
alphacorp,6,17116666.67,7104.17
builder,3,16833333.33,7099.33
ardee,3,13833333.33,7087.67
rambha,27,9439666.67,7035.96
brisk,10,16950000.0,7013.5
mayfild,1,16100000.0,7000.0
my,1,9300000.0,6788.0
swaraj,12,11291666.67,6749.08
floorsss,1,13500000.0,6666.0
tulsiani,2,2750000.0,6646.0
lotus,5,4610000.0,6579.6
sky,1,38900000.0,6483.0
mittal,3,8233333.33,6442.33
chd,3,8500000.0,6331.0
gls,55,3380163.64,6280.45
yashvi,1,7425000.0,6111.0
nitesh,1,18000000.0,6000.0
landmark,5,7114800.0,5927.4
pivotal,37,3216459.46,5906.24
sagar,4,7437500.0,5893.75
city,1,6500000.0,5882.0
ramprastha,25,9135600.0,5828.6
shikhar,1,13500000.0,5703.0
ssg,13,6024000.0,5700.46
builders,3,11833333.33,5602.0
apex,19,4707578.95,5305.68
sare,14,8678928.57,5298.0
tanishq,3,6100000.0,5253.33
mv,6,19357666.67,5155.0
house,1,38700000.0,5142.0
ds,2,5400000.0,4923.0
hsiidc,4,7900000.0,4821.75
imperia,19,6757736.84,4767.11
shf,3,6900000.0,4758.0
krishna,1,4000000.0,4706.0
breez,15,3368800.0,4704.6
ild,10,6065000.0,4638.9
nkv,5,3816600.0,4632.8
wishfield,1,12500000.0,4629.0
a3s,8,4312500.0,4236.75
hcbs,7,2356571.43,4214.29
ramsons,7,3549285.71,4129.14
rajvik,1,3200000.0,4107.0
perfect,3,2600000.0,4100.0
avl,4,1846500.0,4086.25
diplomats,1,2638000.0,4083.0
mahira,34,2368088.24,4049.21
osb,7,2168142.86,4041.43
agrante,5,2380000.0,4003.4
zara,3,2233333.33,4000.0
proprock,1,3500000.0,3888.0
uphaar,1,3500000.0,3888.0
czar,7,2094428.57,3762.86
arete,17,2018117.65,3675.53
haryana,1,3000000.0,3658.0
redsquare,5,3400000.0,3650.0
golf,1,1453000.0,3633.0
mvn,4,1733000.0,3513.25
livable,2,9249500.0,3492.0
sps,1,2600000.0,3466.0
solitaire,1,2882000.0,3275.0
16,2,2600000.0,3104.0
sidhartha,1,3600000.0,3037.0
star,1,2000000.0,2409.0
sharma,1,11500000.0,2129.0
jmd,1,1300000.0,1857.0
vaishnav,2,2060000.0,1638.5
u,7,1289857.14,1480.57
baliawas,1,750000000.0,1147.0
om,12,701916.67,1066.58
sohna,1,650000.0,722.0
sr,2,236500.0,438.5
