locality,property_count,average_price,median_price,average_area,average_rate_per_sqft
baliawas,3,583333333.33,500000000.0,508200.0,1147.0
sector 42,60,502361166.67,505000000.0,8409.58,55989.08
beverly park,3,195366666.67,154600000.0,6854.33,27893.33
aralias drive,12,163658333.33,154400000.0,6671.25,24454.67
golf course road,23,147513913.04,60000000.0,5551.35,20901.48
sector 73,34,128194117.65,57100000.0,5463.29,22599.15
37d dwarka exp gurgaon,1,119700000.0,119700000.0,958320.0,125.0
ambience island,1,110000000.0,110000000.0,8000.0,13750.0
sector 24,71,108642253.52,80000000.0,5957.92,17160.28
sector 113,454,98081057.27,40800000.0,2012.15,52404.15
esencia,1,90000000.0,90000000.0,10800.0,8333.0
sector 75,1,90000000.0,90000000.0,87300.0,1030.0
suncity,2,90000000.0,90000000.0,6750.0,12500.0
sector 54,287,89037979.09,80800000.0,3309.29,28109.25
alameda,2,88750000.0,88750000.0,7650.0,11110.5
sector 53,133,88482706.77,71900000.0,3131.83,29202.79
sohna road sector 47,1,86900000.0,86900000.0,8568.0,10142.0
gwal pahari,30,86516666.67,82800000.0,6251.37,13654.5
dlf city phase i,32,78162500.0,53750000.0,5117.03,14203.44
ardee city,1,74500000.0,74500000.0,6004.0,12417.0
sector 76,349,74363106.02,68500000.0,4225.49,16347.67
sector 58,95,73912631.58,46600000.0,3155.49,22076.35
sector 62,221,73721846.15,64000000.0,3813.01,19254.62
golf course extension road,11,70700000.0,53800000.0,5461.18,12268.09
dlf city phase 2,11,70090909.09,42900000.0,4447.18,14109.73
dlf phase 4,69,68810144.93,45000000.0,3530.61,17498.91
sector 65,857,68570245.04,60100000.0,3794.59,17945.41
dlf city phase 1,19,62815789.47,59500000.0,4409.84,14522.11
sector 80,10,62390000.0,66400000.0,2782.0,25678.2
emerald hills road,1,60000000.0,60000000.0,4500.0,13333.0
sector 72,100,59720000.0,58850000.0,3621.98,16772.3
dlf city phasee 3,10,56680000.0,45200000.0,5437.4,11360.7
dlf phase 2,74,55225675.68,39450000.0,3458.23,15183.89
sushant lok iii,2,54750000.0,54750000.0,5760.0,7427.5
sector 48,142,54339232.39,42300000.0,3100.58,17658.63
atta,5,53440000.0,42000000.0,2608.4,20880.4
dlf phase 3,65,52507692.31,45000000.0,3858.74,15874.86
dlf phase 1,12,52416666.67,46750000.0,3833.33,13230.92
sushant lok phase - 1,14,50764285.71,52200000.0,4565.57,11180.86
south city i,45,50253333.33,45000000.0,3741.93,18681.2
sector 66,152,50210414.47,55000000.0,2933.55,16535.47
central park road,1,50000000.0,50000000.0,2450.0,20408.0
sector 28,77,49806493.51,49400000.0,2757.97,17843.18
sector 22 gurgaon,62,49058064.52,49950000.0,3327.24,14914.82
nh 8,3,48200000.0,38900000.0,5376.67,9155.67
sector 50,84,47171428.57,41550000.0,3766.54,12938.88
sector 36a,396,46492388.89,39500000.0,2486.37,18359.78
sector 26 gurgaon,20,46055000.0,40300000.0,3008.7,15431.3
sector 59,175,45920908.57,46000000.0,2465.0,18794.14
sector-81 gurgaon,1,45000000.0,45000000.0,5800.0,7758.0
sector 114,5,43500000.0,38700000.0,1307.0,33347.2
phase 1 dlf,2,42700000.0,42700000.0,3924.0,11326.0
sushant lok phase - 2,22,42640909.09,33250000.0,4521.41,9333.95
sector 25,53,41684905.66,37500000.0,2764.15,15249.02
sector-50 gurgaon,4,41375000.0,27000000.0,4125.0,10411.0
sector 63,498,41311947.79,35000000.0,2237.59,18575.2
greenwood city,1,40000000.0,40000000.0,3198.0,12507.0
sector 109,150,39487726.67,24850000.0,2994.37,11567.88
sohna gurgaon,2,39200000.0,39200000.0,2231.0,17612.0
sector 17a,2,39000000.0,39000000.0,4574.0,14678.0
suncity sector 54,5,38720000.0,46500000.0,4636.0,9064.0
sector 108,439,38401489.75,35000000.0,2234.21,17655.0
sector 111,271,38014206.64,39000000.0,2086.32,18179.69
3 dlf city phase 3 road,1,38000000.0,38000000.0,4518.0,8410.0
sector 112,109,37506614.68,32600000.0,3496.17,10525.8
sector 49,229,36894323.14,34700000.0,2025.2,21242.45
sector 67,486,36422942.39,35350000.0,2791.38,12882.81
kadarpur,5,36400000.0,22500000.0,2840.0,12786.8
sushant lok i,43,35458139.53,26000000.0,3407.84,10363.91
sector 77,73,35287808.22,20600000.0,2544.92,12087.07
sector 43,96,35158333.33,31500000.0,2941.61,11607.67
sushant lok phase i block c,1,35000000.0,35000000.0,4500.0,7777.0
sector 27,12,34066666.67,32950000.0,2524.42,13714.08
sector 110a,57,33470175.44,30000000.0,2560.32,13467.07
sector 38,4,33025000.0,32300000.0,3624.0,9643.75
sector 41,36,32483333.33,26750000.0,2593.53,12692.39
sector 70a,171,32326163.74,21400000.0,2677.42,12745.75
sector 60,31,32151612.9,32700000.0,2200.9,14212.48
sector 106,418,31973669.86,29100000.0,2168.63,14849.92
sector 45,25,31932000.0,23500000.0,2514.76,12161.8
sector 84,209,31697153.11,25000000.0,2439.64,12079.4
south city ii,10,31420000.0,30750000.0,3264.9,10088.8
sector 31,5,30990000.0,7000000.0,1763.0,13020.0
sector 63a,65,30365092.31,21300000.0,1694.12,16265.15
sushant lok,41,30273170.73,25000000.0,2601.32,11633.12
sector 56,49,30028571.43,27000000.0,2692.9,13850.53
sector 47,59,29972881.36,25000000.0,2797.54,10806.98
sector 61,105,28878742.86,26400000.0,1818.0,15629.36
sushant lok phase 3,27,27818481.48,15000000.0,3254.0,7838.48
sector 71,109,27610247.71,26800000.0,1927.38,13702.19
malibu towne,3,27300000.0,26000000.0,3952.67,7047.0
sector 39,3,27166666.67,15000000.0,2337.33,10517.33
palam vihar,93,26967741.94,23000000.0,2400.65,17325.0
mayfield garden,2,26500000.0,26500000.0,2610.0,10153.0
sector 57,202,26316089.11,20000000.0,2265.98,23206.18
sector 82a,44,26163636.36,25700000.0,2526.05,10716.64
gurgaon road,1,26000000.0,26000000.0,2970.0,8754.0
dlf city phase v,1,25000000.0,25000000.0,2700.0,9259.0
sector 51,71,24633000.0,22000000.0,2396.82,10333.61
sector 46,44,24481818.18,19000000.0,2289.2,16269.39
sector 85,350,24007657.14,22500000.0,1740.95,13946.42
sector 55,20,23730000.0,21250000.0,2597.4,9361.4
sector 81,142,23689204.23,20900000.0,2279.54,10038.18
dwaraka expressway,1,23300000.0,23300000.0,1870.0,12500.0
sector 14 main road,1,22500000.0,22500000.0,1240.0,18145.0
sector 37d,421,22343916.86,25300000.0,1920.44,11154.7
sector-67 gurgaon,2,22200000.0,22200000.0,3450.0,6508.5
sector 82,109,22034550.46,17000000.0,2017.95,10337.03
sector 103,88,21726409.09,25000000.0,2291.6,9743.49
sector 89,194,21539407.22,13300000.0,1478.16,14172.34
sector 110,10,21023800.0,27000000.0,2238.3,8749.2
sector-63a gurgaon,1,20700000.0,20700000.0,1611.0,12849.0
sector 91,35,20463285.71,19000000.0,2858.03,7504.11
sector 102,427,20197730.68,18000000.0,2106.03,9980.98
sector 52,34,19064705.88,18250000.0,1969.53,10510.38
sector 104,173,18729595.38,17600000.0,1740.11,10448.26
sector 89a,59,18334576.27,19700000.0,1977.73,9080.39
palam vihar extension,37,18213756.76,12500000.0,2082.76,10121.65
sector 99,88,18069465.91,16500000.0,2345.39,7790.07
sector 35,17,18058823.53,19700000.0,1380.71,13110.76
sector 79,576,17708706.6,15600000.0,1663.72,10426.39
manesar,30,17706633.33,13950000.0,1761.3,27358.6
sector 33 sohna,246,17636963.41,13450000.0,1730.82,9524.37
sector 70,46,17506239.13,12500000.0,1741.41,8097.13
sector-46 gurgaon,1,17500000.0,17500000.0,2400.0,7291.0
sector 74,45,17195555.56,14900000.0,1649.31,10895.16
sector 23a,3,17166666.67,14000000.0,1413.33,14592.67
sector 83,93,17074451.61,15000000.0,1740.58,9762.57
sushant lok phase 2,1,17000000.0,17000000.0,1665.0,10210.0
palam vihar block j,8,16787500.0,14100000.0,2518.38,7133.88
ardee city sector 52,1,16500000.0,16500000.0,2160.0,7638.0
sector 21,2,16500000.0,16500000.0,1867.5,8778.5
sector 23 gurgaon,22,16281772.73,10500000.0,2390.5,6698.27
sector 14,19,16165789.47,7500000.0,2334.47,6131.68
sector 10a,6,15750000.0,10550000.0,1577.33,7963.17
sector 1,1,15000000.0,15000000.0,1750.0,8571.0
pataudi,1,15000000.0,15000000.0,1350.0,11111.0
sector 88a,70,14867871.43,12500000.0,1575.83,9435.93
sector 86,64,14478109.38,14600000.0,1625.42,7615.06
sector 88b,30,14428333.33,13850000.0,1377.53,12606.17
sector 99a,107,14344560.75,14600000.0,1724.36,8493.45
palam vihar block b,6,14283333.33,14600000.0,1937.17,7955.83
sector 9,15,14106666.67,9500000.0,2160.0,5731.67
sector 7 sohna,15,14086066.67,11500000.0,2388.0,6395.2
sector 93,179,13973480.45,13900000.0,1280.31,11079.79
sector 18,2,13850000.0,13850000.0,1687.5,7866.0
sector 33,31,13725806.45,8600000.0,1544.35,7614.03
sector 30,8,13573750.0,7497500.0,1618.38,7757.62
sector-43 gurgaon,1,13500000.0,13500000.0,2367.0,5703.0
sector 40,2,13250000.0,13250000.0,700.0,18055.5
sector-57 gurgaon,3,13233333.33,12000000.0,1486.67,9258.0
sector 35 sohna,80,13080237.5,13050000.0,1331.51,9722.78
sector 7 extension gurgaon,1,12500000.0,12500000.0,2000.0,6250.0
palam vihar pocket h,12,12441666.67,11000000.0,2036.0,6838.08
sector 3,30,12220833.33,10250000.0,1547.7,7171.17
sector 69,34,12187794.12,11100000.0,1314.12,8712.56
sector 4,24,12104166.67,7250000.0,1508.96,7457.79
sector 92,168,11702119.05,11650000.0,1522.1,8343.28
sector 95,141,11585042.55,11400000.0,1354.62,7696.16
sector 107,38,11504184.21,10750000.0,1707.45,6741.84
garhi harsaru road,1,11500000.0,11500000.0,5400.0,2129.0
pocket b,2,11500000.0,11500000.0,2003.5,6332.0
block c 2,2,11250000.0,11250000.0,2398.5,5807.0
sector 2 sohna,176,10776102.27,9779000.0,1457.38,7295.69
sector51 gurgaon,1,10500000.0,10500000.0,1962.0,5351.0
sector 15,11,10272727.27,6000000.0,1271.27,7634.45
sector 4 sohna,95,10045505.26,11300000.0,1190.38,8544.07
patel nagar,4,10030000.0,8150000.0,1470.0,7350.0
sector 90,70,9919528.57,9500000.0,1546.36,6362.49
sector 68,180,9683027.78,9278000.0,1299.67,7155.35
imt manesar,14,9303428.57,9600000.0,2071.57,4618.5
ansals palam vihar,2,9250000.0,9250000.0,2785.0,3457.0
sector 7,7,9208857.14,8610000.0,1381.0,6623.14
new palam vihar phase 3,1,8900000.0,8900000.0,2954.0,3012.0
sector 36 sohna,125,8551392.0,7019000.0,1210.94,7145.04
mayfield gardens,2,8550000.0,8550000.0,1600.0,4055.5
sector 1 manesar,5,8520000.0,8000000.0,1744.0,4985.6
sector-56 gurgaon,1,8500000.0,8500000.0,1620.0,5246.0
sector 37c,72,8202652.78,6800000.0,1372.1,5674.79
sector 2 gurgaon,7,8157142.86,7200000.0,1201.14,6863.71
palam vihar pocket c1,13,8146153.85,7800000.0,2052.62,3985.92
sector 95a,36,8025888.89,8220000.0,1049.33,7433.56
gandhi nagar,1,8000000.0,8000000.0,8100.0,987.0
sector 5 sohna,61,7992967.21,8680000.0,1170.23,6570.84
sector 11,14,7607142.86,4800000.0,1158.57,6034.64
sector 34,1,7500000.0,7500000.0,900.0,8333.0
krishna colony,1,7200000.0,7200000.0,1500.0,4800.0
sector89 gurgaon,1,6500000.0,6500000.0,1105.0,5882.0
sector 3a,36,6410416.67,5700000.0,877.75,8518.72
saraswati vihar,1,6200000.0,6200000.0,1000.0,6200.0
sai kunj block a,1,6000000.0,6000000.0,900.0,6666.0
roshanpura,1,6000000.0,6000000.0,1200.0,5000.0
sector 12 a,7,5671428.57,6000000.0,1114.29,5122.14
sector-109 gurgaon,1,5500000.0,5500000.0,935.0,5882.0
new colony,3,5466666.67,5500000.0,1083.33,5058.67
sector-92 gurgaon,3,4833333.33,4900000.0,1274.0,3884.67
ashok vihar phase ii,10,4630000.0,4500000.0,938.0,5038.8
sector 13,4,4625000.0,5000000.0,850.0,5416.25
sector 105,60,4523016.67,3600000.0,829.08,6126.83
sector 16,2,4500000.0,4500000.0,1100.0,4090.0
sector 14 sohna,1,4500000.0,4500000.0,1125.0,4000.0
shivaji nagar,1,4300000.0,4300000.0,1200.0,3583.0
jacombpura,4,4250000.0,4500000.0,1125.0,3784.5
nurpur jharsa,1,4000000.0,4000000.0,900.0,4444.0
sector 3 sohna,2,4000000.0,4000000.0,676.0,5917.0
sector 5,5,3980000.0,3800000.0,984.0,4038.4
sector 6,1,3800000.0,3800000.0,729.0,5212.0
dharam colony,1,3795000.0,3795000.0,1000.0,3795.0
ashok vihar,2,3700000.0,3700000.0,650.0,5692.0
rajendra park,6,3683333.33,3600000.0,968.33,4021.17
bahora kalan,1,3600000.0,3600000.0,1080.0,3333.0
sector-105 gurgaon,1,3500000.0,3500000.0,900.0,3888.0
silver oaks avenue,1,3500000.0,3500000.0,1045.0,3349.0
ashok vihar phase iii extension,2,3499500.0,3499500.0,895.0,3910.0
new palam vihar,1,3200000.0,3200000.0,720.0,4444.0
"sector 33, sohna",1,3200000.0,3200000.0,900.0,3555.0
sector 10,2,3200000.0,3200000.0,900.0,3555.0
sector 34 sohna,2,2700000.0,2700000.0,900.0,3000.0
sector79 gurgaon,1,2580000.0,2580000.0,700.0,3685.0
sector 17 sohna,2,2500000.0,2500000.0,330.0,14351.5
sector 11 sohna,5,2377600.0,2150000.0,575.6,4112.2
behrampur village,4,2000000.0,2000000.0,225.0,12444.25
gurgaon faridabad road,1,1980000.0,1980000.0,990.0,2000.0
sector 78,13,1953692.31,1899000.0,477.77,4100.15
sector 6 sohna,16,1906750.0,1895000.0,534.25,3579.5
bhondsi,4,1812500.0,1875000.0,812.5,2069.25
sector 72a,1,1750000.0,1750000.0,450.0,3888.0
maruti kunj,61,1629868.85,1680000.0,699.7,2306.59
milakpur goojar,2,1500000.0,1500000.0,865.0,1760.0
maruti kunj road,2,1425000.0,1425000.0,900.0,1981.0
sohna road sector 67,3,1343333.33,1700000.0,3135.0,1217.33
south city,1,1300000.0,1300000.0,1800.0,722.0
badshahpur,6,1178166.67,951000.0,711.0,1674.0
vipul world,1,1000000.0,1000000.0,900.0,1111.0
mianwali colony,1,1000000.0,1000000.0,900.0,1111.0
hpvnl staff quarters,1,1000000.0,1000000.0,900.0,1111.0
sohnaa,19,920842.11,650000.0,754.58,1141.68
"sector 2, sohna",1,820000.0,820000.0,900.0,911.0
sohna rewari road,1,620000.0,620000.0,900.0,688.0
sohna palwal road,1,620000.0,620000.0,900.0,688.0
sultanpur bird centu,2,600000.0,600000.0,675.0,888.0
sultanpur,2,487500.0,487500.0,675.0,722.0
sector 1 sohna,1,260000.0,260000.0,450.0,577.0
sector-59 gurgaon,1,170000.0,170000.0,900.0,188.0
